"Pasco School District Director, At Large, Position 3",Debi Maxwell,Total,-1,1214
"Pasco School District Director, At Large, Position 3",Brian V. Griffith,Total,-1,1340
"Pasco School District Director, At Large, Position 3",Steve Christensen,Total,-1,2041
"Pasco School District Director, At Large, Position 3",Debi Maxwell,Pct 001,1,6
"Pasco School District Director, At Large, Position 3",Brian V. Griffith,Pct 001,1,0
"Pasco School District Director, At Large, Position 3",Steve Christensen,Pct 001,1,3
"Pasco School District Director, At Large, Position 3",Debi Maxwell,Pct 002,2,23
"Pasco School District Director, At Large, Position 3",Brian V. Griffith,Pct 002,2,22
"Pasco School District Director, At Large, Position 3",Steve Christensen,Pct 002,2,26
"Pasco School District Director, At Large, Position 3",Debi Maxwell,Pct 003,3,0
"Pasco School District Director, At Large, Position 3",Brian V. Griffith,Pct 003,3,0
"Pasco School District Director, At Large, Position 3",Steve Christensen,Pct 003,3,0
"Pasco School District Director, At Large, Position 3",Debi Maxwell,Pct 004,4,22
"Pasco School District Director, At Large, Position 3",Brian V. Griffith,Pct 004,4,8
"Pasco School District Director, At Large, Position 3",Steve Christensen,Pct 004,4,13
"Pasco School District Director, At Large, Position 3",Debi Maxwell,Pct 005,5,26
"Pasco School District Director, At Large, Position 3",Brian V. Griffith,Pct 005,5,14
"Pasco School District Director, At Large, Position 3",Steve Christensen,Pct 005,5,13
"Pasco School District Director, At Large, Position 3",Debi Maxwell,Pct 006,6,18
"Pasco School District Director, At Large, Position 3",Brian V. Griffith,Pct 006,6,10
"Pasco School District Director, At Large, Position 3",Steve Christensen,Pct 006,6,19
"Pasco School District Director, At Large, Position 3",Debi Maxwell,Pct 007,7,12
"Pasco School District Director, At Large, Position 3",Brian V. Griffith,Pct 007,7,14
"Pasco School District Director, At Large, Position 3",Steve Christensen,Pct 007,7,14
"Pasco School District Director, At Large, Position 3",Debi Maxwell,Pct 008,8,40
"Pasco School District Director, At Large, Position 3",Brian V. Griffith,Pct 008,8,19
"Pasco School District Director, At Large, Position 3",Steve Christensen,Pct 008,8,43
"Pasco School District Director, At Large, Position 3",Debi Maxwell,Pct 009,9,8
"Pasco School District Director, At Large, Position 3",Brian V. Griffith,Pct 009,9,6
"Pasco School District Director, At Large, Position 3",Steve Christensen,Pct 009,9,9
"Pasco School District Director, At Large, Position 3",Debi Maxwell,Pct 010,10,8
"Pasco School District Director, At Large, Position 3",Brian V. Griffith,Pct 010,10,15
"Pasco School District Director, At Large, Position 3",Steve Christensen,Pct 010,10,15
"Pasco School District Director, At Large, Position 3",Debi Maxwell,Pct 011,11,11
"Pasco School District Director, At Large, Position 3",Brian V. Griffith,Pct 011,11,9
"Pasco School District Director, At Large, Position 3",Steve Christensen,Pct 011,11,13
"Pasco School District Director, At Large, Position 3",Debi Maxwell,Pct 012,12,7
"Pasco School District Director, At Large, Position 3",Brian V. Griffith,Pct 012,12,11
"Pasco School District Director, At Large, Position 3",Steve Christensen,Pct 012,12,13
"Pasco School District Director, At Large, Position 3",Debi Maxwell,Pct 013,13,21
"Pasco School District Director, At Large, Position 3",Brian V. Griffith,Pct 013,13,8
"Pasco School District Director, At Large, Position 3",Steve Christensen,Pct 013,13,20
"Pasco School District Director, At Large, Position 3",Debi Maxwell,Pct 014,14,22
"Pasco School District Director, At Large, Position 3",Brian V. Griffith,Pct 014,14,11
"Pasco School District Director, At Large, Position 3",Steve Christensen,Pct 014,14,5
"Pasco School District Director, At Large, Position 3",Debi Maxwell,Pct 015,15,22
"Pasco School District Director, At Large, Position 3",Brian V. Griffith,Pct 015,15,15
"Pasco School District Director, At Large, Position 3",Steve Christensen,Pct 015,15,29
"Pasco School District Director, At Large, Position 3",Debi Maxwell,Pct 016(*),16,0
"Pasco School District Director, At Large, Position 3",Brian V. Griffith,Pct 016(*),16,0
"Pasco School District Director, At Large, Position 3",Steve Christensen,Pct 016(*),16,0
"Pasco School District Director, At Large, Position 3",Debi Maxwell,Pct 017,17,20
"Pasco School District Director, At Large, Position 3",Brian V. Griffith,Pct 017,17,10
"Pasco School District Director, At Large, Position 3",Steve Christensen,Pct 017,17,14
"Pasco School District Director, At Large, Position 3",Debi Maxwell,Pct 018,18,4
"Pasco School District Director, At Large, Position 3",Brian V. Griffith,Pct 018,18,4
"Pasco School District Director, At Large, Position 3",Steve Christensen,Pct 018,18,7
"Pasco School District Director, At Large, Position 3",Debi Maxwell,Pct 019,19,16
"Pasco School District Director, At Large, Position 3",Brian V. Griffith,Pct 019,19,10
"Pasco School District Director, At Large, Position 3",Steve Christensen,Pct 019,19,13
"Pasco School District Director, At Large, Position 3",Debi Maxwell,Pct 020,20,12
"Pasco School District Director, At Large, Position 3",Brian V. Griffith,Pct 020,20,7
"Pasco School District Director, At Large, Position 3",Steve Christensen,Pct 020,20,11
"Pasco School District Director, At Large, Position 3",Debi Maxwell,Pct 021,21,8
"Pasco School District Director, At Large, Position 3",Brian V. Griffith,Pct 021,21,8
"Pasco School District Director, At Large, Position 3",Steve Christensen,Pct 021,21,10
"Pasco School District Director, At Large, Position 3",Debi Maxwell,Pct 022,22,20
"Pasco School District Director, At Large, Position 3",Brian V. Griffith,Pct 022,22,28
"Pasco School District Director, At Large, Position 3",Steve Christensen,Pct 022,22,52
"Pasco School District Director, At Large, Position 3",Debi Maxwell,Pct 023,23,18
"Pasco School District Director, At Large, Position 3",Brian V. Griffith,Pct 023,23,45
"Pasco School District Director, At Large, Position 3",Steve Christensen,Pct 023,23,63
"Pasco School District Director, At Large, Position 3",Debi Maxwell,Pct 024,24,12
"Pasco School District Director, At Large, Position 3",Brian V. Griffith,Pct 024,24,4
"Pasco School District Director, At Large, Position 3",Steve Christensen,Pct 024,24,21
"Pasco School District Director, At Large, Position 3",Debi Maxwell,Pct 025,25,10
"Pasco School District Director, At Large, Position 3",Brian V. Griffith,Pct 025,25,3
"Pasco School District Director, At Large, Position 3",Steve Christensen,Pct 025,25,6
"Pasco School District Director, At Large, Position 3",Debi Maxwell,Pct 026,26,10
"Pasco School District Director, At Large, Position 3",Brian V. Griffith,Pct 026,26,12
"Pasco School District Director, At Large, Position 3",Steve Christensen,Pct 026,26,30
"Pasco School District Director, At Large, Position 3",Debi Maxwell,Pct 027,27,11
"Pasco School District Director, At Large, Position 3",Brian V. Griffith,Pct 027,27,11
"Pasco School District Director, At Large, Position 3",Steve Christensen,Pct 027,27,12
"Pasco School District Director, At Large, Position 3",Debi Maxwell,Pct 028,28,18
"Pasco School District Director, At Large, Position 3",Brian V. Griffith,Pct 028,28,8
"Pasco School District Director, At Large, Position 3",Steve Christensen,Pct 028,28,21
"Pasco School District Director, At Large, Position 3",Debi Maxwell,Pct 029,29,10
"Pasco School District Director, At Large, Position 3",Brian V. Griffith,Pct 029,29,16
"Pasco School District Director, At Large, Position 3",Steve Christensen,Pct 029,29,18
"Pasco School District Director, At Large, Position 3",Debi Maxwell,Pct 030,30,9
"Pasco School District Director, At Large, Position 3",Brian V. Griffith,Pct 030,30,13
"Pasco School District Director, At Large, Position 3",Steve Christensen,Pct 030,30,10
"Pasco School District Director, At Large, Position 3",Debi Maxwell,Pct 031,31,7
"Pasco School District Director, At Large, Position 3",Brian V. Griffith,Pct 031,31,3
"Pasco School District Director, At Large, Position 3",Steve Christensen,Pct 031,31,12
"Pasco School District Director, At Large, Position 3",Debi Maxwell,Pct 032,32,38
"Pasco School District Director, At Large, Position 3",Brian V. Griffith,Pct 032,32,63
"Pasco School District Director, At Large, Position 3",Steve Christensen,Pct 032,32,62
"Pasco School District Director, At Large, Position 3",Debi Maxwell,Pct 033,33,15
"Pasco School District Director, At Large, Position 3",Brian V. Griffith,Pct 033,33,12
"Pasco School District Director, At Large, Position 3",Steve Christensen,Pct 033,33,17
"Pasco School District Director, At Large, Position 3",Debi Maxwell,Pct 034,34,20
"Pasco School District Director, At Large, Position 3",Brian V. Griffith,Pct 034,34,26
"Pasco School District Director, At Large, Position 3",Steve Christensen,Pct 034,34,36
"Pasco School District Director, At Large, Position 3",Debi Maxwell,Pct 035,35,19
"Pasco School District Director, At Large, Position 3",Brian V. Griffith,Pct 035,35,14
"Pasco School District Director, At Large, Position 3",Steve Christensen,Pct 035,35,50
"Pasco School District Director, At Large, Position 3",Debi Maxwell,Pct 036,36,26
"Pasco School District Director, At Large, Position 3",Brian V. Griffith,Pct 036,36,36
"Pasco School District Director, At Large, Position 3",Steve Christensen,Pct 036,36,38
"Pasco School District Director, At Large, Position 3",Debi Maxwell,Pct 037,37,17
"Pasco School District Director, At Large, Position 3",Brian V. Griffith,Pct 037,37,35
"Pasco School District Director, At Large, Position 3",Steve Christensen,Pct 037,37,34
"Pasco School District Director, At Large, Position 3",Debi Maxwell,Pct 038,38,15
"Pasco School District Director, At Large, Position 3",Brian V. Griffith,Pct 038,38,23
"Pasco School District Director, At Large, Position 3",Steve Christensen,Pct 038,38,13
"Pasco School District Director, At Large, Position 3",Debi Maxwell,Pct 039,39,34
"Pasco School District Director, At Large, Position 3",Brian V. Griffith,Pct 039,39,32
"Pasco School District Director, At Large, Position 3",Steve Christensen,Pct 039,39,32
"Pasco School District Director, At Large, Position 3",Debi Maxwell,Pct 040,40,12
"Pasco School District Director, At Large, Position 3",Brian V. Griffith,Pct 040,40,17
"Pasco School District Director, At Large, Position 3",Steve Christensen,Pct 040,40,25
"Pasco School District Director, At Large, Position 3",Debi Maxwell,Pct 041,41,10
"Pasco School District Director, At Large, Position 3",Brian V. Griffith,Pct 041,41,17
"Pasco School District Director, At Large, Position 3",Steve Christensen,Pct 041,41,25
"Pasco School District Director, At Large, Position 3",Debi Maxwell,Pct 042,42,10
"Pasco School District Director, At Large, Position 3",Brian V. Griffith,Pct 042,42,11
"Pasco School District Director, At Large, Position 3",Steve Christensen,Pct 042,42,16
"Pasco School District Director, At Large, Position 3",Debi Maxwell,Pct 043,43,9
"Pasco School District Director, At Large, Position 3",Brian V. Griffith,Pct 043,43,16
"Pasco School District Director, At Large, Position 3",Steve Christensen,Pct 043,43,22
"Pasco School District Director, At Large, Position 3",Debi Maxwell,Pct 044,44,20
"Pasco School District Director, At Large, Position 3",Brian V. Griffith,Pct 044,44,6
"Pasco School District Director, At Large, Position 3",Steve Christensen,Pct 044,44,28
"Pasco School District Director, At Large, Position 3",Debi Maxwell,Pct 045,45,26
"Pasco School District Director, At Large, Position 3",Brian V. Griffith,Pct 045,45,46
"Pasco School District Director, At Large, Position 3",Steve Christensen,Pct 045,45,49
"Pasco School District Director, At Large, Position 3",Debi Maxwell,Pct 046,46,21
"Pasco School District Director, At Large, Position 3",Brian V. Griffith,Pct 046,46,27
"Pasco School District Director, At Large, Position 3",Steve Christensen,Pct 046,46,41
"Pasco School District Director, At Large, Position 3",Debi Maxwell,Pct 047,47,7
"Pasco School District Director, At Large, Position 3",Brian V. Griffith,Pct 047,47,4
"Pasco School District Director, At Large, Position 3",Steve Christensen,Pct 047,47,1
"Pasco School District Director, At Large, Position 3",Debi Maxwell,Pct 048,48,20
"Pasco School District Director, At Large, Position 3",Brian V. Griffith,Pct 048,48,30
"Pasco School District Director, At Large, Position 3",Steve Christensen,Pct 048,48,56
"Pasco School District Director, At Large, Position 3",Debi Maxwell,Pct 049,49,28
"Pasco School District Director, At Large, Position 3",Brian V. Griffith,Pct 049,49,30
"Pasco School District Director, At Large, Position 3",Steve Christensen,Pct 049,49,68
"Pasco School District Director, At Large, Position 3",Debi Maxwell,Pct 050,50,30
"Pasco School District Director, At Large, Position 3",Brian V. Griffith,Pct 050,50,30
"Pasco School District Director, At Large, Position 3",Steve Christensen,Pct 050,50,33
"Pasco School District Director, At Large, Position 3",Debi Maxwell,Pct 051,51,39
"Pasco School District Director, At Large, Position 3",Brian V. Griffith,Pct 051,51,30
"Pasco School District Director, At Large, Position 3",Steve Christensen,Pct 051,51,40
"Pasco School District Director, At Large, Position 3",Debi Maxwell,Pct 052,52,3
"Pasco School District Director, At Large, Position 3",Brian V. Griffith,Pct 052,52,3
"Pasco School District Director, At Large, Position 3",Steve Christensen,Pct 052,52,5
"Pasco School District Director, At Large, Position 3",Debi Maxwell,Pct 053,53,23
"Pasco School District Director, At Large, Position 3",Brian V. Griffith,Pct 053,53,25
"Pasco School District Director, At Large, Position 3",Steve Christensen,Pct 053,53,23
"Pasco School District Director, At Large, Position 3",Debi Maxwell,Pct 054,54,10
"Pasco School District Director, At Large, Position 3",Brian V. Griffith,Pct 054,54,11
"Pasco School District Director, At Large, Position 3",Steve Christensen,Pct 054,54,16
"Pasco School District Director, At Large, Position 3",Debi Maxwell,Pct 055,55,35
"Pasco School District Director, At Large, Position 3",Brian V. Griffith,Pct 055,55,48
"Pasco School District Director, At Large, Position 3",Steve Christensen,Pct 055,55,68
"Pasco School District Director, At Large, Position 3",Debi Maxwell,Pct 056,56,15
"Pasco School District Director, At Large, Position 3",Brian V. Griffith,Pct 056,56,27
"Pasco School District Director, At Large, Position 3",Steve Christensen,Pct 056,56,22
"Pasco School District Director, At Large, Position 3",Debi Maxwell,Pct 057,57,10
"Pasco School District Director, At Large, Position 3",Brian V. Griffith,Pct 057,57,26
"Pasco School District Director, At Large, Position 3",Steve Christensen,Pct 057,57,23
"Pasco School District Director, At Large, Position 3",Debi Maxwell,Pct 058,58,1
"Pasco School District Director, At Large, Position 3",Brian V. Griffith,Pct 058,58,4
"Pasco School District Director, At Large, Position 3",Steve Christensen,Pct 058,58,2
"Pasco School District Director, At Large, Position 3",Debi Maxwell,Pct 059,59,32
"Pasco School District Director, At Large, Position 3",Brian V. Griffith,Pct 059,59,36
"Pasco School District Director, At Large, Position 3",Steve Christensen,Pct 059,59,82
"Pasco School District Director, At Large, Position 3",Debi Maxwell,Pct 060,60,12
"Pasco School District Director, At Large, Position 3",Brian V. Griffith,Pct 060,60,20
"Pasco School District Director, At Large, Position 3",Steve Christensen,Pct 060,60,27
"Pasco School District Director, At Large, Position 3",Debi Maxwell,Pct 061,61,12
"Pasco School District Director, At Large, Position 3",Brian V. Griffith,Pct 061,61,19
"Pasco School District Director, At Large, Position 3",Steve Christensen,Pct 061,61,37
"Pasco School District Director, At Large, Position 3",Debi Maxwell,Pct 062,62,37
"Pasco School District Director, At Large, Position 3",Brian V. Griffith,Pct 062,62,48
"Pasco School District Director, At Large, Position 3",Steve Christensen,Pct 062,62,75
"Pasco School District Director, At Large, Position 3",Debi Maxwell,Pct 063,63,16
"Pasco School District Director, At Large, Position 3",Brian V. Griffith,Pct 063,63,22
"Pasco School District Director, At Large, Position 3",Steve Christensen,Pct 063,63,27
"Pasco School District Director, At Large, Position 3",Debi Maxwell,Pct 064,64,10
"Pasco School District Director, At Large, Position 3",Brian V. Griffith,Pct 064,64,18
"Pasco School District Director, At Large, Position 3",Steve Christensen,Pct 064,64,49
"Pasco School District Director, At Large, Position 3",Debi Maxwell,Pct 065,65,5
"Pasco School District Director, At Large, Position 3",Brian V. Griffith,Pct 065,65,0
"Pasco School District Director, At Large, Position 3",Steve Christensen,Pct 065,65,12
"Pasco School District Director, At Large, Position 3",Debi Maxwell,Pct 066,66,13
"Pasco School District Director, At Large, Position 3",Brian V. Griffith,Pct 066,66,27
"Pasco School District Director, At Large, Position 3",Steve Christensen,Pct 066,66,59
"Pasco School District Director, At Large, Position 3",Debi Maxwell,Pct 067,67,32
"Pasco School District Director, At Large, Position 3",Brian V. Griffith,Pct 067,67,34
"Pasco School District Director, At Large, Position 3",Steve Christensen,Pct 067,67,44
"Pasco School District Director, At Large, Position 3",Debi Maxwell,Pct 068(*),68,0
"Pasco School District Director, At Large, Position 3",Brian V. Griffith,Pct 068(*),68,0
"Pasco School District Director, At Large, Position 3",Steve Christensen,Pct 068(*),68,0
"Pasco School District Director, At Large, Position 3",Debi Maxwell,Pct 069,69,4
"Pasco School District Director, At Large, Position 3",Brian V. Griffith,Pct 069,69,4
"Pasco School District Director, At Large, Position 3",Steve Christensen,Pct 069,69,4
"Pasco School District Director, At Large, Position 3",Debi Maxwell,Pct 070,70,9
"Pasco School District Director, At Large, Position 3",Brian V. Griffith,Pct 070,70,4
"Pasco School District Director, At Large, Position 3",Steve Christensen,Pct 070,70,5
"Pasco School District Director, At Large, Position 3",Debi Maxwell,Pct 071,71,14
"Pasco School District Director, At Large, Position 3",Brian V. Griffith,Pct 071,71,6
"Pasco School District Director, At Large, Position 3",Steve Christensen,Pct 071,71,26
"Pasco School District Director, At Large, Position 3",Debi Maxwell,Pct 072,72,8
"Pasco School District Director, At Large, Position 3",Brian V. Griffith,Pct 072,72,6
"Pasco School District Director, At Large, Position 3",Steve Christensen,Pct 072,72,17
"Pasco School District Director, At Large, Position 3",Debi Maxwell,Pct 073,73,25
"Pasco School District Director, At Large, Position 3",Brian V. Griffith,Pct 073,73,38
"Pasco School District Director, At Large, Position 3",Steve Christensen,Pct 073,73,73
"Pasco School District Director, At Large, Position 3",Debi Maxwell,Pct 074,74,8
"Pasco School District Director, At Large, Position 3",Brian V. Griffith,Pct 074,74,19
"Pasco School District Director, At Large, Position 3",Steve Christensen,Pct 074,74,31
"Pasco School District Director, At Large, Position 3",Debi Maxwell,Pct 075,75,1
"Pasco School District Director, At Large, Position 3",Brian V. Griffith,Pct 075,75,7
"Pasco School District Director, At Large, Position 3",Steve Christensen,Pct 075,75,8
"Pasco School District Director, At Large, Position 3",Debi Maxwell,Pct 076,76,3
"Pasco School District Director, At Large, Position 3",Brian V. Griffith,Pct 076,76,7
"Pasco School District Director, At Large, Position 3",Steve Christensen,Pct 076,76,13
"Pasco School District Director, At Large, Position 3",Debi Maxwell,Pct 077,77,4
"Pasco School District Director, At Large, Position 3",Brian V. Griffith,Pct 077,77,4
"Pasco School District Director, At Large, Position 3",Steve Christensen,Pct 077,77,6
"Pasco School District Director, At Large, Position 3",Debi Maxwell,Pct 078,78,3
"Pasco School District Director, At Large, Position 3",Brian V. Griffith,Pct 078,78,2
"Pasco School District Director, At Large, Position 3",Steve Christensen,Pct 078,78,19
"Pasco School District Director, At Large, Position 3",Debi Maxwell,Pct 099,99,0
"Pasco School District Director, At Large, Position 3",Brian V. Griffith,Pct 099,99,0
"Pasco School District Director, At Large, Position 3",Steve Christensen,Pct 099,99,0
"Pasco School District Director, At Large, Position 3",Debi Maxwell,Pct 100,100,4
"Pasco School District Director, At Large, Position 3",Brian V. Griffith,Pct 100,100,2
"Pasco School District Director, At Large, Position 3",Steve Christensen,Pct 100,100,17
"Pasco School District Director, At Large, Position 3",Debi Maxwell,Pct 101,101,5
"Pasco School District Director, At Large, Position 3",Brian V. Griffith,Pct 101,101,8
"Pasco School District Director, At Large, Position 3",Steve Christensen,Pct 101,101,10
"Pasco School District Director, At Large, Position 3",Debi Maxwell,Pct 102,102,9
"Pasco School District Director, At Large, Position 3",Brian V. Griffith,Pct 102,102,7
"Pasco School District Director, At Large, Position 3",Steve Christensen,Pct 102,102,8
"Pasco School District Director, At Large, Position 3",Debi Maxwell,Pct 103,103,3
"Pasco School District Director, At Large, Position 3",Brian V. Griffith,Pct 103,103,4
"Pasco School District Director, At Large, Position 3",Steve Christensen,Pct 103,103,5
"Pasco School District Director, At Large, Position 3",Debi Maxwell,Pct 104(*),104,0
"Pasco School District Director, At Large, Position 3",Brian V. Griffith,Pct 104(*),104,0
"Pasco School District Director, At Large, Position 3",Steve Christensen,Pct 104(*),104,0
"Pasco School District Director, At Large, Position 5",Amy L. Phillips,Total,-1,2081
"Pasco School District Director, At Large, Position 5",Marlando D. Sparks Sr ,Total,-1,1178
"Pasco School District Director, At Large, Position 5",Jeffrey A. Peterson,Total,-1,1397
"Pasco School District Director, At Large, Position 5",Amy L. Phillips,Pct 001,1,3
"Pasco School District Director, At Large, Position 5",Marlando D. Sparks Sr ,Pct 001,1,3
"Pasco School District Director, At Large, Position 5",Jeffrey A. Peterson,Pct 001,1,4
"Pasco School District Director, At Large, Position 5",Amy L. Phillips,Pct 002,2,29
"Pasco School District Director, At Large, Position 5",Marlando D. Sparks Sr ,Pct 002,2,30
"Pasco School District Director, At Large, Position 5",Jeffrey A. Peterson,Pct 002,2,13
"Pasco School District Director, At Large, Position 5",Amy L. Phillips,Pct 003,3,0
"Pasco School District Director, At Large, Position 5",Marlando D. Sparks Sr ,Pct 003,3,0
"Pasco School District Director, At Large, Position 5",Jeffrey A. Peterson,Pct 003,3,0
"Pasco School District Director, At Large, Position 5",Amy L. Phillips,Pct 004,4,15
"Pasco School District Director, At Large, Position 5",Marlando D. Sparks Sr ,Pct 004,4,24
"Pasco School District Director, At Large, Position 5",Jeffrey A. Peterson,Pct 004,4,5
"Pasco School District Director, At Large, Position 5",Amy L. Phillips,Pct 005,5,22
"Pasco School District Director, At Large, Position 5",Marlando D. Sparks Sr ,Pct 005,5,17
"Pasco School District Director, At Large, Position 5",Jeffrey A. Peterson,Pct 005,5,15
"Pasco School District Director, At Large, Position 5",Amy L. Phillips,Pct 006,6,23
"Pasco School District Director, At Large, Position 5",Marlando D. Sparks Sr ,Pct 006,6,11
"Pasco School District Director, At Large, Position 5",Jeffrey A. Peterson,Pct 006,6,12
"Pasco School District Director, At Large, Position 5",Amy L. Phillips,Pct 007,7,14
"Pasco School District Director, At Large, Position 5",Marlando D. Sparks Sr ,Pct 007,7,12
"Pasco School District Director, At Large, Position 5",Jeffrey A. Peterson,Pct 007,7,14
"Pasco School District Director, At Large, Position 5",Amy L. Phillips,Pct 008,8,40
"Pasco School District Director, At Large, Position 5",Marlando D. Sparks Sr ,Pct 008,8,15
"Pasco School District Director, At Large, Position 5",Jeffrey A. Peterson,Pct 008,8,48
"Pasco School District Director, At Large, Position 5",Amy L. Phillips,Pct 009,9,14
"Pasco School District Director, At Large, Position 5",Marlando D. Sparks Sr ,Pct 009,9,5
"Pasco School District Director, At Large, Position 5",Jeffrey A. Peterson,Pct 009,9,5
"Pasco School District Director, At Large, Position 5",Amy L. Phillips,Pct 010,10,15
"Pasco School District Director, At Large, Position 5",Marlando D. Sparks Sr ,Pct 010,10,10
"Pasco School District Director, At Large, Position 5",Jeffrey A. Peterson,Pct 010,10,12
"Pasco School District Director, At Large, Position 5",Amy L. Phillips,Pct 011,11,18
"Pasco School District Director, At Large, Position 5",Marlando D. Sparks Sr ,Pct 011,11,7
"Pasco School District Director, At Large, Position 5",Jeffrey A. Peterson,Pct 011,11,8
"Pasco School District Director, At Large, Position 5",Amy L. Phillips,Pct 012,12,9
"Pasco School District Director, At Large, Position 5",Marlando D. Sparks Sr ,Pct 012,12,14
"Pasco School District Director, At Large, Position 5",Jeffrey A. Peterson,Pct 012,12,8
"Pasco School District Director, At Large, Position 5",Amy L. Phillips,Pct 013,13,18
"Pasco School District Director, At Large, Position 5",Marlando D. Sparks Sr ,Pct 013,13,14
"Pasco School District Director, At Large, Position 5",Jeffrey A. Peterson,Pct 013,13,17
"Pasco School District Director, At Large, Position 5",Amy L. Phillips,Pct 014,14,16
"Pasco School District Director, At Large, Position 5",Marlando D. Sparks Sr ,Pct 014,14,12
"Pasco School District Director, At Large, Position 5",Jeffrey A. Peterson,Pct 014,14,10
"Pasco School District Director, At Large, Position 5",Amy L. Phillips,Pct 015,15,32
"Pasco School District Director, At Large, Position 5",Marlando D. Sparks Sr ,Pct 015,15,21
"Pasco School District Director, At Large, Position 5",Jeffrey A. Peterson,Pct 015,15,17
"Pasco School District Director, At Large, Position 5",Amy L. Phillips,Pct 016,16,2
"Pasco School District Director, At Large, Position 5",Marlando D. Sparks Sr ,Pct 016,16,2
"Pasco School District Director, At Large, Position 5",Jeffrey A. Peterson,Pct 016,16,2
"Pasco School District Director, At Large, Position 5",Amy L. Phillips,Pct 017,17,29
"Pasco School District Director, At Large, Position 5",Marlando D. Sparks Sr ,Pct 017,17,7
"Pasco School District Director, At Large, Position 5",Jeffrey A. Peterson,Pct 017,17,9
"Pasco School District Director, At Large, Position 5",Amy L. Phillips,Pct 018,18,6
"Pasco School District Director, At Large, Position 5",Marlando D. Sparks Sr ,Pct 018,18,2
"Pasco School District Director, At Large, Position 5",Jeffrey A. Peterson,Pct 018,18,5
"Pasco School District Director, At Large, Position 5",Amy L. Phillips,Pct 019,19,20
"Pasco School District Director, At Large, Position 5",Marlando D. Sparks Sr ,Pct 019,19,14
"Pasco School District Director, At Large, Position 5",Jeffrey A. Peterson,Pct 019,19,5
"Pasco School District Director, At Large, Position 5",Amy L. Phillips,Pct 020,20,9
"Pasco School District Director, At Large, Position 5",Marlando D. Sparks Sr ,Pct 020,20,3
"Pasco School District Director, At Large, Position 5",Jeffrey A. Peterson,Pct 020,20,19
"Pasco School District Director, At Large, Position 5",Amy L. Phillips,Pct 021,21,6
"Pasco School District Director, At Large, Position 5",Marlando D. Sparks Sr ,Pct 021,21,11
"Pasco School District Director, At Large, Position 5",Jeffrey A. Peterson,Pct 021,21,8
"Pasco School District Director, At Large, Position 5",Amy L. Phillips,Pct 022,22,43
"Pasco School District Director, At Large, Position 5",Marlando D. Sparks Sr ,Pct 022,22,26
"Pasco School District Director, At Large, Position 5",Jeffrey A. Peterson,Pct 022,22,33
"Pasco School District Director, At Large, Position 5",Amy L. Phillips,Pct 023,23,69
"Pasco School District Director, At Large, Position 5",Marlando D. Sparks Sr ,Pct 023,23,36
"Pasco School District Director, At Large, Position 5",Jeffrey A. Peterson,Pct 023,23,26
"Pasco School District Director, At Large, Position 5",Amy L. Phillips,Pct 024,24,16
"Pasco School District Director, At Large, Position 5",Marlando D. Sparks Sr ,Pct 024,24,9
"Pasco School District Director, At Large, Position 5",Jeffrey A. Peterson,Pct 024,24,12
"Pasco School District Director, At Large, Position 5",Amy L. Phillips,Pct 025,25,13
"Pasco School District Director, At Large, Position 5",Marlando D. Sparks Sr ,Pct 025,25,6
"Pasco School District Director, At Large, Position 5",Jeffrey A. Peterson,Pct 025,25,1
"Pasco School District Director, At Large, Position 5",Amy L. Phillips,Pct 026,26,18
"Pasco School District Director, At Large, Position 5",Marlando D. Sparks Sr ,Pct 026,26,10
"Pasco School District Director, At Large, Position 5",Jeffrey A. Peterson,Pct 026,26,25
"Pasco School District Director, At Large, Position 5",Amy L. Phillips,Pct 027,27,16
"Pasco School District Director, At Large, Position 5",Marlando D. Sparks Sr ,Pct 027,27,7
"Pasco School District Director, At Large, Position 5",Jeffrey A. Peterson,Pct 027,27,12
"Pasco School District Director, At Large, Position 5",Amy L. Phillips,Pct 028,28,15
"Pasco School District Director, At Large, Position 5",Marlando D. Sparks Sr ,Pct 028,28,24
"Pasco School District Director, At Large, Position 5",Jeffrey A. Peterson,Pct 028,28,7
"Pasco School District Director, At Large, Position 5",Amy L. Phillips,Pct 029,29,11
"Pasco School District Director, At Large, Position 5",Marlando D. Sparks Sr ,Pct 029,29,13
"Pasco School District Director, At Large, Position 5",Jeffrey A. Peterson,Pct 029,29,18
"Pasco School District Director, At Large, Position 5",Amy L. Phillips,Pct 030,30,10
"Pasco School District Director, At Large, Position 5",Marlando D. Sparks Sr ,Pct 030,30,9
"Pasco School District Director, At Large, Position 5",Jeffrey A. Peterson,Pct 030,30,13
"Pasco School District Director, At Large, Position 5",Amy L. Phillips,Pct 031,31,10
"Pasco School District Director, At Large, Position 5",Marlando D. Sparks Sr ,Pct 031,31,9
"Pasco School District Director, At Large, Position 5",Jeffrey A. Peterson,Pct 031,31,4
"Pasco School District Director, At Large, Position 5",Amy L. Phillips,Pct 032,32,74
"Pasco School District Director, At Large, Position 5",Marlando D. Sparks Sr ,Pct 032,32,38
"Pasco School District Director, At Large, Position 5",Jeffrey A. Peterson,Pct 032,32,54
"Pasco School District Director, At Large, Position 5",Amy L. Phillips,Pct 033,33,24
"Pasco School District Director, At Large, Position 5",Marlando D. Sparks Sr ,Pct 033,33,6
"Pasco School District Director, At Large, Position 5",Jeffrey A. Peterson,Pct 033,33,15
"Pasco School District Director, At Large, Position 5",Amy L. Phillips,Pct 034,34,26
"Pasco School District Director, At Large, Position 5",Marlando D. Sparks Sr ,Pct 034,34,37
"Pasco School District Director, At Large, Position 5",Jeffrey A. Peterson,Pct 034,34,19
"Pasco School District Director, At Large, Position 5",Amy L. Phillips,Pct 035,35,38
"Pasco School District Director, At Large, Position 5",Marlando D. Sparks Sr ,Pct 035,35,19
"Pasco School District Director, At Large, Position 5",Jeffrey A. Peterson,Pct 035,35,25
"Pasco School District Director, At Large, Position 5",Amy L. Phillips,Pct 036,36,35
"Pasco School District Director, At Large, Position 5",Marlando D. Sparks Sr ,Pct 036,36,42
"Pasco School District Director, At Large, Position 5",Jeffrey A. Peterson,Pct 036,36,28
"Pasco School District Director, At Large, Position 5",Amy L. Phillips,Pct 037,37,41
"Pasco School District Director, At Large, Position 5",Marlando D. Sparks Sr ,Pct 037,37,17
"Pasco School District Director, At Large, Position 5",Jeffrey A. Peterson,Pct 037,37,29
"Pasco School District Director, At Large, Position 5",Amy L. Phillips,Pct 038,38,25
"Pasco School District Director, At Large, Position 5",Marlando D. Sparks Sr ,Pct 038,38,12
"Pasco School District Director, At Large, Position 5",Jeffrey A. Peterson,Pct 038,38,17
"Pasco School District Director, At Large, Position 5",Amy L. Phillips,Pct 039,39,44
"Pasco School District Director, At Large, Position 5",Marlando D. Sparks Sr ,Pct 039,39,27
"Pasco School District Director, At Large, Position 5",Jeffrey A. Peterson,Pct 039,39,31
"Pasco School District Director, At Large, Position 5",Amy L. Phillips,Pct 040,40,24
"Pasco School District Director, At Large, Position 5",Marlando D. Sparks Sr ,Pct 040,40,22
"Pasco School District Director, At Large, Position 5",Jeffrey A. Peterson,Pct 040,40,12
"Pasco School District Director, At Large, Position 5",Amy L. Phillips,Pct 041,41,23
"Pasco School District Director, At Large, Position 5",Marlando D. Sparks Sr ,Pct 041,41,13
"Pasco School District Director, At Large, Position 5",Jeffrey A. Peterson,Pct 041,41,17
"Pasco School District Director, At Large, Position 5",Amy L. Phillips,Pct 042,42,11
"Pasco School District Director, At Large, Position 5",Marlando D. Sparks Sr ,Pct 042,42,12
"Pasco School District Director, At Large, Position 5",Jeffrey A. Peterson,Pct 042,42,13
"Pasco School District Director, At Large, Position 5",Amy L. Phillips,Pct 043,43,23
"Pasco School District Director, At Large, Position 5",Marlando D. Sparks Sr ,Pct 043,43,10
"Pasco School District Director, At Large, Position 5",Jeffrey A. Peterson,Pct 043,43,14
"Pasco School District Director, At Large, Position 5",Amy L. Phillips,Pct 044,44,27
"Pasco School District Director, At Large, Position 5",Marlando D. Sparks Sr ,Pct 044,44,13
"Pasco School District Director, At Large, Position 5",Jeffrey A. Peterson,Pct 044,44,19
"Pasco School District Director, At Large, Position 5",Amy L. Phillips,Pct 045,45,57
"Pasco School District Director, At Large, Position 5",Marlando D. Sparks Sr ,Pct 045,45,34
"Pasco School District Director, At Large, Position 5",Jeffrey A. Peterson,Pct 045,45,34
"Pasco School District Director, At Large, Position 5",Amy L. Phillips,Pct 046,46,48
"Pasco School District Director, At Large, Position 5",Marlando D. Sparks Sr ,Pct 046,46,17
"Pasco School District Director, At Large, Position 5",Jeffrey A. Peterson,Pct 046,46,24
"Pasco School District Director, At Large, Position 5",Amy L. Phillips,Pct 047,47,7
"Pasco School District Director, At Large, Position 5",Marlando D. Sparks Sr ,Pct 047,47,1
"Pasco School District Director, At Large, Position 5",Jeffrey A. Peterson,Pct 047,47,4
"Pasco School District Director, At Large, Position 5",Amy L. Phillips,Pct 048,48,54
"Pasco School District Director, At Large, Position 5",Marlando D. Sparks Sr ,Pct 048,48,19
"Pasco School District Director, At Large, Position 5",Jeffrey A. Peterson,Pct 048,48,35
"Pasco School District Director, At Large, Position 5",Amy L. Phillips,Pct 049,49,54
"Pasco School District Director, At Large, Position 5",Marlando D. Sparks Sr ,Pct 049,49,28
"Pasco School District Director, At Large, Position 5",Jeffrey A. Peterson,Pct 049,49,45
"Pasco School District Director, At Large, Position 5",Amy L. Phillips,Pct 050,50,44
"Pasco School District Director, At Large, Position 5",Marlando D. Sparks Sr ,Pct 050,50,25
"Pasco School District Director, At Large, Position 5",Jeffrey A. Peterson,Pct 050,50,28
"Pasco School District Director, At Large, Position 5",Amy L. Phillips,Pct 051,51,55
"Pasco School District Director, At Large, Position 5",Marlando D. Sparks Sr ,Pct 051,51,24
"Pasco School District Director, At Large, Position 5",Jeffrey A. Peterson,Pct 051,51,35
"Pasco School District Director, At Large, Position 5",Amy L. Phillips,Pct 052,52,3
"Pasco School District Director, At Large, Position 5",Marlando D. Sparks Sr ,Pct 052,52,2
"Pasco School District Director, At Large, Position 5",Jeffrey A. Peterson,Pct 052,52,4
"Pasco School District Director, At Large, Position 5",Amy L. Phillips,Pct 053,53,30
"Pasco School District Director, At Large, Position 5",Marlando D. Sparks Sr ,Pct 053,53,22
"Pasco School District Director, At Large, Position 5",Jeffrey A. Peterson,Pct 053,53,20
"Pasco School District Director, At Large, Position 5",Amy L. Phillips,Pct 054,54,14
"Pasco School District Director, At Large, Position 5",Marlando D. Sparks Sr ,Pct 054,54,17
"Pasco School District Director, At Large, Position 5",Jeffrey A. Peterson,Pct 054,54,6
"Pasco School District Director, At Large, Position 5",Amy L. Phillips,Pct 055,55,82
"Pasco School District Director, At Large, Position 5",Marlando D. Sparks Sr ,Pct 055,55,19
"Pasco School District Director, At Large, Position 5",Jeffrey A. Peterson,Pct 055,55,49
"Pasco School District Director, At Large, Position 5",Amy L. Phillips,Pct 056,56,30
"Pasco School District Director, At Large, Position 5",Marlando D. Sparks Sr ,Pct 056,56,12
"Pasco School District Director, At Large, Position 5",Jeffrey A. Peterson,Pct 056,56,22
"Pasco School District Director, At Large, Position 5",Amy L. Phillips,Pct 057,57,33
"Pasco School District Director, At Large, Position 5",Marlando D. Sparks Sr ,Pct 057,57,17
"Pasco School District Director, At Large, Position 5",Jeffrey A. Peterson,Pct 057,57,9
"Pasco School District Director, At Large, Position 5",Amy L. Phillips,Pct 058,58,0
"Pasco School District Director, At Large, Position 5",Marlando D. Sparks Sr ,Pct 058,58,4
"Pasco School District Director, At Large, Position 5",Jeffrey A. Peterson,Pct 058,58,3
"Pasco School District Director, At Large, Position 5",Amy L. Phillips,Pct 059,59,59
"Pasco School District Director, At Large, Position 5",Marlando D. Sparks Sr ,Pct 059,59,41
"Pasco School District Director, At Large, Position 5",Jeffrey A. Peterson,Pct 059,59,58
"Pasco School District Director, At Large, Position 5",Amy L. Phillips,Pct 060,60,30
"Pasco School District Director, At Large, Position 5",Marlando D. Sparks Sr ,Pct 060,60,7
"Pasco School District Director, At Large, Position 5",Jeffrey A. Peterson,Pct 060,60,20
"Pasco School District Director, At Large, Position 5",Amy L. Phillips,Pct 061,61,32
"Pasco School District Director, At Large, Position 5",Marlando D. Sparks Sr ,Pct 061,61,18
"Pasco School District Director, At Large, Position 5",Jeffrey A. Peterson,Pct 061,61,18
"Pasco School District Director, At Large, Position 5",Amy L. Phillips,Pct 062,62,75
"Pasco School District Director, At Large, Position 5",Marlando D. Sparks Sr ,Pct 062,62,42
"Pasco School District Director, At Large, Position 5",Jeffrey A. Peterson,Pct 062,62,42
"Pasco School District Director, At Large, Position 5",Amy L. Phillips,Pct 063,63,32
"Pasco School District Director, At Large, Position 5",Marlando D. Sparks Sr ,Pct 063,63,24
"Pasco School District Director, At Large, Position 5",Jeffrey A. Peterson,Pct 063,63,12
"Pasco School District Director, At Large, Position 5",Amy L. Phillips,Pct 064,64,28
"Pasco School District Director, At Large, Position 5",Marlando D. Sparks Sr ,Pct 064,64,13
"Pasco School District Director, At Large, Position 5",Jeffrey A. Peterson,Pct 064,64,35
"Pasco School District Director, At Large, Position 5",Amy L. Phillips,Pct 065,65,7
"Pasco School District Director, At Large, Position 5",Marlando D. Sparks Sr ,Pct 065,65,2
"Pasco School District Director, At Large, Position 5",Jeffrey A. Peterson,Pct 065,65,8
"Pasco School District Director, At Large, Position 5",Amy L. Phillips,Pct 066,66,44
"Pasco School District Director, At Large, Position 5",Marlando D. Sparks Sr ,Pct 066,66,26
"Pasco School District Director, At Large, Position 5",Jeffrey A. Peterson,Pct 066,66,28
"Pasco School District Director, At Large, Position 5",Amy L. Phillips,Pct 067,67,44
"Pasco School District Director, At Large, Position 5",Marlando D. Sparks Sr ,Pct 067,67,26
"Pasco School District Director, At Large, Position 5",Jeffrey A. Peterson,Pct 067,67,38
"Pasco School District Director, At Large, Position 5",Amy L. Phillips,Pct 068(*),68,0
"Pasco School District Director, At Large, Position 5",Marlando D. Sparks Sr ,Pct 068(*),68,0
"Pasco School District Director, At Large, Position 5",Jeffrey A. Peterson,Pct 068(*),68,0
"Pasco School District Director, At Large, Position 5",Amy L. Phillips,Pct 069,69,1
"Pasco School District Director, At Large, Position 5",Marlando D. Sparks Sr ,Pct 069,69,3
"Pasco School District Director, At Large, Position 5",Jeffrey A. Peterson,Pct 069,69,8
"Pasco School District Director, At Large, Position 5",Amy L. Phillips,Pct 070,70,11
"Pasco School District Director, At Large, Position 5",Marlando D. Sparks Sr ,Pct 070,70,5
"Pasco School District Director, At Large, Position 5",Jeffrey A. Peterson,Pct 070,70,2
"Pasco School District Director, At Large, Position 5",Amy L. Phillips,Pct 071,71,20
"Pasco School District Director, At Large, Position 5",Marlando D. Sparks Sr ,Pct 071,71,6
"Pasco School District Director, At Large, Position 5",Jeffrey A. Peterson,Pct 071,71,20
"Pasco School District Director, At Large, Position 5",Amy L. Phillips,Pct 072,72,12
"Pasco School District Director, At Large, Position 5",Marlando D. Sparks Sr ,Pct 072,72,1
"Pasco School District Director, At Large, Position 5",Jeffrey A. Peterson,Pct 072,72,15
"Pasco School District Director, At Large, Position 5",Amy L. Phillips,Pct 073,73,78
"Pasco School District Director, At Large, Position 5",Marlando D. Sparks Sr ,Pct 073,73,20
"Pasco School District Director, At Large, Position 5",Jeffrey A. Peterson,Pct 073,73,41
"Pasco School District Director, At Large, Position 5",Amy L. Phillips,Pct 074,74,34
"Pasco School District Director, At Large, Position 5",Marlando D. Sparks Sr ,Pct 074,74,8
"Pasco School District Director, At Large, Position 5",Jeffrey A. Peterson,Pct 074,74,16
"Pasco School District Director, At Large, Position 5",Amy L. Phillips,Pct 075,75,5
"Pasco School District Director, At Large, Position 5",Marlando D. Sparks Sr ,Pct 075,75,5
"Pasco School District Director, At Large, Position 5",Jeffrey A. Peterson,Pct 075,75,6
"Pasco School District Director, At Large, Position 5",Amy L. Phillips,Pct 076,76,15
"Pasco School District Director, At Large, Position 5",Marlando D. Sparks Sr ,Pct 076,76,1
"Pasco School District Director, At Large, Position 5",Jeffrey A. Peterson,Pct 076,76,7
"Pasco School District Director, At Large, Position 5",Amy L. Phillips,Pct 077,77,12
"Pasco School District Director, At Large, Position 5",Marlando D. Sparks Sr ,Pct 077,77,0
"Pasco School District Director, At Large, Position 5",Jeffrey A. Peterson,Pct 077,77,2
"Pasco School District Director, At Large, Position 5",Amy L. Phillips,Pct 078,78,14
"Pasco School District Director, At Large, Position 5",Marlando D. Sparks Sr ,Pct 078,78,7
"Pasco School District Director, At Large, Position 5",Jeffrey A. Peterson,Pct 078,78,3
"Pasco School District Director, At Large, Position 5",Amy L. Phillips,Pct 099,99,0
"Pasco School District Director, At Large, Position 5",Marlando D. Sparks Sr ,Pct 099,99,0
"Pasco School District Director, At Large, Position 5",Jeffrey A. Peterson,Pct 099,99,0
"Pasco School District Director, At Large, Position 5",Amy L. Phillips,Pct 100,100,19
"Pasco School District Director, At Large, Position 5",Marlando D. Sparks Sr ,Pct 100,100,1
"Pasco School District Director, At Large, Position 5",Jeffrey A. Peterson,Pct 100,100,3
"Pasco School District Director, At Large, Position 5",Amy L. Phillips,Pct 101,101,9
"Pasco School District Director, At Large, Position 5",Marlando D. Sparks Sr ,Pct 101,101,5
"Pasco School District Director, At Large, Position 5",Jeffrey A. Peterson,Pct 101,101,9
"Pasco School District Director, At Large, Position 5",Amy L. Phillips,Pct 102,102,7
"Pasco School District Director, At Large, Position 5",Marlando D. Sparks Sr ,Pct 102,102,15
"Pasco School District Director, At Large, Position 5",Jeffrey A. Peterson,Pct 102,102,4
"Pasco School District Director, At Large, Position 5",Amy L. Phillips,Pct 103,103,2
"Pasco School District Director, At Large, Position 5",Marlando D. Sparks Sr ,Pct 103,103,10
"Pasco School District Director, At Large, Position 5",Jeffrey A. Peterson,Pct 103,103,0
"Pasco School District Director, At Large, Position 5",Amy L. Phillips,Pct 104(*),104,0
"Pasco School District Director, At Large, Position 5",Marlando D. Sparks Sr ,Pct 104(*),104,0
"Pasco School District Director, At Large, Position 5",Jeffrey A. Peterson,Pct 104(*),104,0
"City of Connell Councilmember, At Large, Position 1, Mayor",Mauro V. Ortiz,Total,-1,59
"City of Connell Councilmember, At Large, Position 1, Mayor",Bruce &quot;Blacky&quot; Blackwell,Total,-1,61
"City of Connell Councilmember, At Large, Position 1, Mayor",Lee Barrow,Total,-1,256
"City of Connell Councilmember, At Large, Position 1, Mayor",Mauro V. Ortiz,Pct 090(*),90,0
"City of Connell Councilmember, At Large, Position 1, Mayor",Bruce &quot;Blacky&quot; Blackwell,Pct 090(*),90,0
"City of Connell Councilmember, At Large, Position 1, Mayor",Lee Barrow,Pct 090(*),90,0
"City of Connell Councilmember, At Large, Position 1, Mayor",Mauro V. Ortiz,Pct 091(*),91,0
"City of Connell Councilmember, At Large, Position 1, Mayor",Bruce &quot;Blacky&quot; Blackwell,Pct 091(*),91,0
"City of Connell Councilmember, At Large, Position 1, Mayor",Lee Barrow,Pct 091(*),91,0
"City of Connell Councilmember, At Large, Position 1, Mayor",Mauro V. Ortiz,Pct 092,92,11
"City of Connell Councilmember, At Large, Position 1, Mayor",Bruce &quot;Blacky&quot; Blackwell,Pct 092,92,20
"City of Connell Councilmember, At Large, Position 1, Mayor",Lee Barrow,Pct 092,92,67
"City of Connell Councilmember, At Large, Position 1, Mayor",Mauro V. Ortiz,Pct 093,93,19
"City of Connell Councilmember, At Large, Position 1, Mayor",Bruce &quot;Blacky&quot; Blackwell,Pct 093,93,17
"City of Connell Councilmember, At Large, Position 1, Mayor",Lee Barrow,Pct 093,93,102
"City of Connell Councilmember, At Large, Position 1, Mayor",Mauro V. Ortiz,Pct 094(*),94,0
"City of Connell Councilmember, At Large, Position 1, Mayor",Bruce &quot;Blacky&quot; Blackwell,Pct 094(*),94,0
"City of Connell Councilmember, At Large, Position 1, Mayor",Lee Barrow,Pct 094(*),94,0
"City of Pasco District 4 Councilmember, District 4, Position 4",Roberto (RJ) Garcia,Total,-1,120
"City of Pasco District 4 Councilmember, District 4, Position 4",Trevor Sall,Total,-1,49
"City of Pasco District 4 Councilmember, District 4, Position 4",Pete Serrano,Total,-1,193
"City of Pasco District 4 Councilmember, District 4, Position 4",Dan Hatch,Total,-1,242
"City of Pasco District 4 Councilmember, District 4, Position 4",Abel Campos,Total,-1,115
"City of Pasco District 4 Councilmember, District 4, Position 4",Chi A. Flores,Total,-1,57
"City of Pasco District 4 Councilmember, District 4, Position 4",Roberto (RJ) Garcia,Pct 040,40,19
"City of Pasco District 4 Councilmember, District 4, Position 4",Trevor Sall,Pct 040,40,3
"City of Pasco District 4 Councilmember, District 4, Position 4",Pete Serrano,Pct 040,40,7
"City of Pasco District 4 Councilmember, District 4, Position 4",Dan Hatch,Pct 040,40,14
"City of Pasco District 4 Councilmember, District 4, Position 4",Abel Campos,Pct 040,40,14
"City of Pasco District 4 Councilmember, District 4, Position 4",Chi A. Flores,Pct 040,40,1
"City of Pasco District 4 Councilmember, District 4, Position 4",Roberto (RJ) Garcia,Pct 045,45,18
"City of Pasco District 4 Councilmember, District 4, Position 4",Trevor Sall,Pct 045,45,11
"City of Pasco District 4 Councilmember, District 4, Position 4",Pete Serrano,Pct 045,45,38
"City of Pasco District 4 Councilmember, District 4, Position 4",Dan Hatch,Pct 045,45,30
"City of Pasco District 4 Councilmember, District 4, Position 4",Abel Campos,Pct 045,45,20
"City of Pasco District 4 Councilmember, District 4, Position 4",Chi A. Flores,Pct 045,45,11
"City of Pasco District 4 Councilmember, District 4, Position 4",Roberto (RJ) Garcia,Pct 046,46,16
"City of Pasco District 4 Councilmember, District 4, Position 4",Trevor Sall,Pct 046,46,2
"City of Pasco District 4 Councilmember, District 4, Position 4",Pete Serrano,Pct 046,46,22
"City of Pasco District 4 Councilmember, District 4, Position 4",Dan Hatch,Pct 046,46,36
"City of Pasco District 4 Councilmember, District 4, Position 4",Abel Campos,Pct 046,46,8
"City of Pasco District 4 Councilmember, District 4, Position 4",Chi A. Flores,Pct 046,46,8
"City of Pasco District 4 Councilmember, District 4, Position 4",Roberto (RJ) Garcia,Pct 047,47,2
"City of Pasco District 4 Councilmember, District 4, Position 4",Trevor Sall,Pct 047,47,4
"City of Pasco District 4 Councilmember, District 4, Position 4",Pete Serrano,Pct 047,47,1
"City of Pasco District 4 Councilmember, District 4, Position 4",Dan Hatch,Pct 047,47,3
"City of Pasco District 4 Councilmember, District 4, Position 4",Abel Campos,Pct 047,47,1
"City of Pasco District 4 Councilmember, District 4, Position 4",Chi A. Flores,Pct 047,47,1
"City of Pasco District 4 Councilmember, District 4, Position 4",Roberto (RJ) Garcia,Pct 050,50,13
"City of Pasco District 4 Councilmember, District 4, Position 4",Trevor Sall,Pct 050,50,8
"City of Pasco District 4 Councilmember, District 4, Position 4",Pete Serrano,Pct 050,50,23
"City of Pasco District 4 Councilmember, District 4, Position 4",Dan Hatch,Pct 050,50,32
"City of Pasco District 4 Councilmember, District 4, Position 4",Abel Campos,Pct 050,50,14
"City of Pasco District 4 Councilmember, District 4, Position 4",Chi A. Flores,Pct 050,50,8
"City of Pasco District 4 Councilmember, District 4, Position 4",Roberto (RJ) Garcia,Pct 051,51,22
"City of Pasco District 4 Councilmember, District 4, Position 4",Trevor Sall,Pct 051,51,3
"City of Pasco District 4 Councilmember, District 4, Position 4",Pete Serrano,Pct 051,51,28
"City of Pasco District 4 Councilmember, District 4, Position 4",Dan Hatch,Pct 051,51,35
"City of Pasco District 4 Councilmember, District 4, Position 4",Abel Campos,Pct 051,51,20
"City of Pasco District 4 Councilmember, District 4, Position 4",Chi A. Flores,Pct 051,51,5
"City of Pasco District 4 Councilmember, District 4, Position 4",Roberto (RJ) Garcia,Pct 052,52,1
"City of Pasco District 4 Councilmember, District 4, Position 4",Trevor Sall,Pct 052,52,1
"City of Pasco District 4 Councilmember, District 4, Position 4",Pete Serrano,Pct 052,52,3
"City of Pasco District 4 Councilmember, District 4, Position 4",Dan Hatch,Pct 052,52,3
"City of Pasco District 4 Councilmember, District 4, Position 4",Abel Campos,Pct 052,52,4
"City of Pasco District 4 Councilmember, District 4, Position 4",Chi A. Flores,Pct 052,52,0
"City of Pasco District 4 Councilmember, District 4, Position 4",Roberto (RJ) Garcia,Pct 053,53,9
"City of Pasco District 4 Councilmember, District 4, Position 4",Trevor Sall,Pct 053,53,2
"City of Pasco District 4 Councilmember, District 4, Position 4",Pete Serrano,Pct 053,53,9
"City of Pasco District 4 Councilmember, District 4, Position 4",Dan Hatch,Pct 053,53,32
"City of Pasco District 4 Councilmember, District 4, Position 4",Abel Campos,Pct 053,53,9
"City of Pasco District 4 Councilmember, District 4, Position 4",Chi A. Flores,Pct 053,53,7
"City of Pasco District 4 Councilmember, District 4, Position 4",Roberto (RJ) Garcia,Pct 054,54,6
"City of Pasco District 4 Councilmember, District 4, Position 4",Trevor Sall,Pct 054,54,2
"City of Pasco District 4 Councilmember, District 4, Position 4",Pete Serrano,Pct 054,54,6
"City of Pasco District 4 Councilmember, District 4, Position 4",Dan Hatch,Pct 054,54,14
"City of Pasco District 4 Councilmember, District 4, Position 4",Abel Campos,Pct 054,54,5
"City of Pasco District 4 Councilmember, District 4, Position 4",Chi A. Flores,Pct 054,54,5
"City of Pasco District 4 Councilmember, District 4, Position 4",Roberto (RJ) Garcia,Pct 055,55,14
"City of Pasco District 4 Councilmember, District 4, Position 4",Trevor Sall,Pct 055,55,13
"City of Pasco District 4 Councilmember, District 4, Position 4",Pete Serrano,Pct 055,55,56
"City of Pasco District 4 Councilmember, District 4, Position 4",Dan Hatch,Pct 055,55,43
"City of Pasco District 4 Councilmember, District 4, Position 4",Abel Campos,Pct 055,55,20
"City of Pasco District 4 Councilmember, District 4, Position 4",Chi A. Flores,Pct 055,55,11
"City of Pasco District 5 Councilmember, District 5, Position 5",Joan Larsen,Total,-1,133
"City of Pasco District 5 Councilmember, District 5, Position 5",Mark &quot;Doc&quot; MacFarlan,Total,-1,134
"City of Pasco District 5 Councilmember, District 5, Position 5",Russell E Glatt,Total,-1,258
"City of Pasco District 5 Councilmember, District 5, Position 5",David Milne,Total,-1,499
"City of Pasco District 5 Councilmember, District 5, Position 5",Rebecca Francik,Total,-1,635
"City of Pasco District 5 Councilmember, District 5, Position 5",Joan Larsen,Pct 019,19,21
"City of Pasco District 5 Councilmember, District 5, Position 5",Mark &quot;Doc&quot; MacFarlan,Pct 019,19,2
"City of Pasco District 5 Councilmember, District 5, Position 5",Russell E Glatt,Pct 019,19,4
"City of Pasco District 5 Councilmember, District 5, Position 5",David Milne,Pct 019,19,9
"City of Pasco District 5 Councilmember, District 5, Position 5",Rebecca Francik,Pct 019,19,8
"City of Pasco District 5 Councilmember, District 5, Position 5",Joan Larsen,Pct 020,20,3
"City of Pasco District 5 Councilmember, District 5, Position 5",Mark &quot;Doc&quot; MacFarlan,Pct 020,20,5
"City of Pasco District 5 Councilmember, District 5, Position 5",Russell E Glatt,Pct 020,20,7
"City of Pasco District 5 Councilmember, District 5, Position 5",David Milne,Pct 020,20,7
"City of Pasco District 5 Councilmember, District 5, Position 5",Rebecca Francik,Pct 020,20,13
"City of Pasco District 5 Councilmember, District 5, Position 5",Joan Larsen,Pct 021,21,2
"City of Pasco District 5 Councilmember, District 5, Position 5",Mark &quot;Doc&quot; MacFarlan,Pct 021,21,1
"City of Pasco District 5 Councilmember, District 5, Position 5",Russell E Glatt,Pct 021,21,7
"City of Pasco District 5 Councilmember, District 5, Position 5",David Milne,Pct 021,21,12
"City of Pasco District 5 Councilmember, District 5, Position 5",Rebecca Francik,Pct 021,21,11
"City of Pasco District 5 Councilmember, District 5, Position 5",Joan Larsen,Pct 025,25,10
"City of Pasco District 5 Councilmember, District 5, Position 5",Mark &quot;Doc&quot; MacFarlan,Pct 025,25,0
"City of Pasco District 5 Councilmember, District 5, Position 5",Russell E Glatt,Pct 025,25,2
"City of Pasco District 5 Councilmember, District 5, Position 5",David Milne,Pct 025,25,3
"City of Pasco District 5 Councilmember, District 5, Position 5",Rebecca Francik,Pct 025,25,9
"City of Pasco District 5 Councilmember, District 5, Position 5",Joan Larsen,Pct 026,26,13
"City of Pasco District 5 Councilmember, District 5, Position 5",Mark &quot;Doc&quot; MacFarlan,Pct 026,26,3
"City of Pasco District 5 Councilmember, District 5, Position 5",Russell E Glatt,Pct 026,26,12
"City of Pasco District 5 Councilmember, District 5, Position 5",David Milne,Pct 026,26,10
"City of Pasco District 5 Councilmember, District 5, Position 5",Rebecca Francik,Pct 026,26,23
"City of Pasco District 5 Councilmember, District 5, Position 5",Joan Larsen,Pct 027,27,5
"City of Pasco District 5 Councilmember, District 5, Position 5",Mark &quot;Doc&quot; MacFarlan,Pct 027,27,2
"City of Pasco District 5 Councilmember, District 5, Position 5",Russell E Glatt,Pct 027,27,14
"City of Pasco District 5 Councilmember, District 5, Position 5",David Milne,Pct 027,27,4
"City of Pasco District 5 Councilmember, District 5, Position 5",Rebecca Francik,Pct 027,27,11
"City of Pasco District 5 Councilmember, District 5, Position 5",Joan Larsen,Pct 028,28,4
"City of Pasco District 5 Councilmember, District 5, Position 5",Mark &quot;Doc&quot; MacFarlan,Pct 028,28,2
"City of Pasco District 5 Councilmember, District 5, Position 5",Russell E Glatt,Pct 028,28,18
"City of Pasco District 5 Councilmember, District 5, Position 5",David Milne,Pct 028,28,6
"City of Pasco District 5 Councilmember, District 5, Position 5",Rebecca Francik,Pct 028,28,19
"City of Pasco District 5 Councilmember, District 5, Position 5",Joan Larsen,Pct 029,29,2
"City of Pasco District 5 Councilmember, District 5, Position 5",Mark &quot;Doc&quot; MacFarlan,Pct 029,29,5
"City of Pasco District 5 Councilmember, District 5, Position 5",Russell E Glatt,Pct 029,29,7
"City of Pasco District 5 Councilmember, District 5, Position 5",David Milne,Pct 029,29,11
"City of Pasco District 5 Councilmember, District 5, Position 5",Rebecca Francik,Pct 029,29,21
"City of Pasco District 5 Councilmember, District 5, Position 5",Joan Larsen,Pct 030,30,5
"City of Pasco District 5 Councilmember, District 5, Position 5",Mark &quot;Doc&quot; MacFarlan,Pct 030,30,3
"City of Pasco District 5 Councilmember, District 5, Position 5",Russell E Glatt,Pct 030,30,4
"City of Pasco District 5 Councilmember, District 5, Position 5",David Milne,Pct 030,30,11
"City of Pasco District 5 Councilmember, District 5, Position 5",Rebecca Francik,Pct 030,30,10
"City of Pasco District 5 Councilmember, District 5, Position 5",Joan Larsen,Pct 031,31,1
"City of Pasco District 5 Councilmember, District 5, Position 5",Mark &quot;Doc&quot; MacFarlan,Pct 031,31,0
"City of Pasco District 5 Councilmember, District 5, Position 5",Russell E Glatt,Pct 031,31,7
"City of Pasco District 5 Councilmember, District 5, Position 5",David Milne,Pct 031,31,0
"City of Pasco District 5 Councilmember, District 5, Position 5",Rebecca Francik,Pct 031,31,18
"City of Pasco District 5 Councilmember, District 5, Position 5",Joan Larsen,Pct 036,36,9
"City of Pasco District 5 Councilmember, District 5, Position 5",Mark &quot;Doc&quot; MacFarlan,Pct 036,36,10
"City of Pasco District 5 Councilmember, District 5, Position 5",Russell E Glatt,Pct 036,36,13
"City of Pasco District 5 Councilmember, District 5, Position 5",David Milne,Pct 036,36,29
"City of Pasco District 5 Councilmember, District 5, Position 5",Rebecca Francik,Pct 036,36,57
"City of Pasco District 5 Councilmember, District 5, Position 5",Joan Larsen,Pct 041,41,2
"City of Pasco District 5 Councilmember, District 5, Position 5",Mark &quot;Doc&quot; MacFarlan,Pct 041,41,3
"City of Pasco District 5 Councilmember, District 5, Position 5",Russell E Glatt,Pct 041,41,12
"City of Pasco District 5 Councilmember, District 5, Position 5",David Milne,Pct 041,41,11
"City of Pasco District 5 Councilmember, District 5, Position 5",Rebecca Francik,Pct 041,41,31
"City of Pasco District 5 Councilmember, District 5, Position 5",Joan Larsen,Pct 048,48,6
"City of Pasco District 5 Councilmember, District 5, Position 5",Mark &quot;Doc&quot; MacFarlan,Pct 048,48,2
"City of Pasco District 5 Councilmember, District 5, Position 5",Russell E Glatt,Pct 048,48,33
"City of Pasco District 5 Councilmember, District 5, Position 5",David Milne,Pct 048,48,33
"City of Pasco District 5 Councilmember, District 5, Position 5",Rebecca Francik,Pct 048,48,37
"City of Pasco District 5 Councilmember, District 5, Position 5",Joan Larsen,Pct 049,49,3
"City of Pasco District 5 Councilmember, District 5, Position 5",Mark &quot;Doc&quot; MacFarlan,Pct 049,49,11
"City of Pasco District 5 Councilmember, District 5, Position 5",Russell E Glatt,Pct 049,49,11
"City of Pasco District 5 Councilmember, District 5, Position 5",David Milne,Pct 049,49,52
"City of Pasco District 5 Councilmember, District 5, Position 5",Rebecca Francik,Pct 049,49,56
"City of Pasco District 5 Councilmember, District 5, Position 5",Joan Larsen,Pct 056,56,4
"City of Pasco District 5 Councilmember, District 5, Position 5",Mark &quot;Doc&quot; MacFarlan,Pct 056,56,4
"City of Pasco District 5 Councilmember, District 5, Position 5",Russell E Glatt,Pct 056,56,14
"City of Pasco District 5 Councilmember, District 5, Position 5",David Milne,Pct 056,56,28
"City of Pasco District 5 Councilmember, District 5, Position 5",Rebecca Francik,Pct 056,56,15
"City of Pasco District 5 Councilmember, District 5, Position 5",Joan Larsen,Pct 057,57,4
"City of Pasco District 5 Councilmember, District 5, Position 5",Mark &quot;Doc&quot; MacFarlan,Pct 057,57,8
"City of Pasco District 5 Councilmember, District 5, Position 5",Russell E Glatt,Pct 057,57,8
"City of Pasco District 5 Councilmember, District 5, Position 5",David Milne,Pct 057,57,25
"City of Pasco District 5 Councilmember, District 5, Position 5",Rebecca Francik,Pct 057,57,21
"City of Pasco District 5 Councilmember, District 5, Position 5",Joan Larsen,Pct 058,58,0
"City of Pasco District 5 Councilmember, District 5, Position 5",Mark &quot;Doc&quot; MacFarlan,Pct 058,58,2
"City of Pasco District 5 Councilmember, District 5, Position 5",Russell E Glatt,Pct 058,58,0
"City of Pasco District 5 Councilmember, District 5, Position 5",David Milne,Pct 058,58,2
"City of Pasco District 5 Councilmember, District 5, Position 5",Rebecca Francik,Pct 058,58,3
"City of Pasco District 5 Councilmember, District 5, Position 5",Joan Larsen,Pct 059,59,9
"City of Pasco District 5 Councilmember, District 5, Position 5",Mark &quot;Doc&quot; MacFarlan,Pct 059,59,15
"City of Pasco District 5 Councilmember, District 5, Position 5",Russell E Glatt,Pct 059,59,12
"City of Pasco District 5 Councilmember, District 5, Position 5",David Milne,Pct 059,59,62
"City of Pasco District 5 Councilmember, District 5, Position 5",Rebecca Francik,Pct 059,59,73
"City of Pasco District 5 Councilmember, District 5, Position 5",Joan Larsen,Pct 060,60,3
"City of Pasco District 5 Councilmember, District 5, Position 5",Mark &quot;Doc&quot; MacFarlan,Pct 060,60,4
"City of Pasco District 5 Councilmember, District 5, Position 5",Russell E Glatt,Pct 060,60,8
"City of Pasco District 5 Councilmember, District 5, Position 5",David Milne,Pct 060,60,13
"City of Pasco District 5 Councilmember, District 5, Position 5",Rebecca Francik,Pct 060,60,34
"City of Pasco District 5 Councilmember, District 5, Position 5",Joan Larsen,Pct 062,62,11
"City of Pasco District 5 Councilmember, District 5, Position 5",Mark &quot;Doc&quot; MacFarlan,Pct 062,62,16
"City of Pasco District 5 Councilmember, District 5, Position 5",Russell E Glatt,Pct 062,62,27
"City of Pasco District 5 Councilmember, District 5, Position 5",David Milne,Pct 062,62,60
"City of Pasco District 5 Councilmember, District 5, Position 5",Rebecca Francik,Pct 062,62,52
"City of Pasco District 5 Councilmember, District 5, Position 5",Joan Larsen,Pct 063,63,4
"City of Pasco District 5 Councilmember, District 5, Position 5",Mark &quot;Doc&quot; MacFarlan,Pct 063,63,6
"City of Pasco District 5 Councilmember, District 5, Position 5",Russell E Glatt,Pct 063,63,14
"City of Pasco District 5 Councilmember, District 5, Position 5",David Milne,Pct 063,63,21
"City of Pasco District 5 Councilmember, District 5, Position 5",Rebecca Francik,Pct 063,63,21
"City of Pasco District 5 Councilmember, District 5, Position 5",Joan Larsen,Pct 065,65,1
"City of Pasco District 5 Councilmember, District 5, Position 5",Mark &quot;Doc&quot; MacFarlan,Pct 065,65,1
"City of Pasco District 5 Councilmember, District 5, Position 5",Russell E Glatt,Pct 065,65,3
"City of Pasco District 5 Councilmember, District 5, Position 5",David Milne,Pct 065,65,8
"City of Pasco District 5 Councilmember, District 5, Position 5",Rebecca Francik,Pct 065,65,6
"City of Pasco District 5 Councilmember, District 5, Position 5",Joan Larsen,Pct 066,66,2
"City of Pasco District 5 Councilmember, District 5, Position 5",Mark &quot;Doc&quot; MacFarlan,Pct 066,66,17
"City of Pasco District 5 Councilmember, District 5, Position 5",Russell E Glatt,Pct 066,66,10
"City of Pasco District 5 Councilmember, District 5, Position 5",David Milne,Pct 066,66,46
"City of Pasco District 5 Councilmember, District 5, Position 5",Rebecca Francik,Pct 066,66,40
"City of Pasco District 5 Councilmember, District 5, Position 5",Joan Larsen,Pct 067,67,9
"City of Pasco District 5 Councilmember, District 5, Position 5",Mark &quot;Doc&quot; MacFarlan,Pct 067,67,12
"City of Pasco District 5 Councilmember, District 5, Position 5",Russell E Glatt,Pct 067,67,11
"City of Pasco District 5 Councilmember, District 5, Position 5",David Milne,Pct 067,67,36
"City of Pasco District 5 Councilmember, District 5, Position 5",Rebecca Francik,Pct 067,67,46
SCHOOL DISTRICT 147 - OTHELLO Director District 1,Jenn Stevenson,Total,-1,10
SCHOOL DISTRICT 147 - OTHELLO Director District 1,Eleanor Brodahl,Total,-1,6
SCHOOL DISTRICT 147 - OTHELLO Director District 1,Kevin Gilbert,Total,-1,11
SCHOOL DISTRICT 147 - OTHELLO Director District 1,Jenn Stevenson,Pct 087,87,10
SCHOOL DISTRICT 147 - OTHELLO Director District 1,Eleanor Brodahl,Pct 087,87,6
SCHOOL DISTRICT 147 - OTHELLO Director District 1,Kevin Gilbert,Pct 087,87,11
